<?xml version="1.0" encoding="UTF-8"?>
<config xmlns="http://www.knime.org/2008/09/XMLConfig" xmlns:xsi="http://www.w3.org/2001/XMLSchema-instance" xsi:schemaLocation="http://www.knime.org/2008/09/XMLConfig http://www.knime.org/XMLConfig_2008_09.xsd" key="MiningSchema">
    <config key="learning">
        <entry key="array-size" type="xint" value="24"/>
        <entry key="0" type="xstring" value="job"/>
        <entry key="1" type="xstring" value="marital"/>
        <entry key="2" type="xstring" value="education"/>
        <entry key="3" type="xstring" value="default"/>
        <entry key="4" type="xstring" value="housing"/>
        <entry key="5" type="xstring" value="loan"/>
        <entry key="6" type="xstring" value="contact"/>
        <entry key="7" type="xstring" value="day"/>
        <entry key="8" type="xstring" value="month"/>
        <entry key="9" type="xstring" value="campaign"/>
        <entry key="10" type="xstring" value="previous"/>
        <entry key="11" type="xstring" value="poutcome"/>
        <entry key="12" type="xstring" value="job_transformed"/>
        <entry key="13" type="xstring" value="marital_transformed"/>
        <entry key="14" type="xstring" value="education_transformed"/>
        <entry key="15" type="xstring" value="default_transformed"/>
        <entry key="16" type="xstring" value="housing_transformed"/>
        <entry key="17" type="xstring" value="loan_transformed"/>
        <entry key="18" type="xstring" value="contact_transformed"/>
        <entry key="19" type="xstring" value="day_transformed"/>
        <entry key="20" type="xstring" value="month_transformed"/>
        <entry key="21" type="xstring" value="campaign_transformed"/>
        <entry key="22" type="xstring" value="previous_transformed"/>
        <entry key="23" type="xstring" value="poutcome_transformed"/>
    </config>
    <config key="target">
        <entry key="array-size" type="xint" value="1"/>
        <entry key="0" type="xstring" value="y"/>
    </config>
</config>
