<?xml version="1.0" encoding="UTF-8"?>
<config xmlns="http://www.knime.org/2008/09/XMLConfig" xmlns:xsi="http://www.w3.org/2001/XMLSchema-instance" xsi:schemaLocation="http://www.knime.org/2008/09/XMLConfig http://www.knime.org/XMLConfig_2008_09.xsd" key="model.xml">
    <entry key="version" type="xint" value="1"/>
    <entry key="class_name" type="xstring" value="org.knime.base.node.mine.transformation.port.TransformationPortObject"/>
    <config key="model">
        <entry key="max_dim_to_reduce_to" type="xint" value="3"/>
        <config key="eigenvalues">
            <entry key="array-size" type="xint" value="3"/>
            <entry key="0" type="xdouble" value="1.339890923577453"/>
            <entry key="1" type="xdouble" value="0.9835495519899496"/>
            <entry key="2" type="xdouble" value="0.6765595244326812"/>
        </config>
        <config key="center">
            <entry key="array-size" type="xint" value="3"/>
            <entry key="0" type="xdouble" value="7.832412019306845E-16"/>
            <entry key="1" type="xdouble" value="-8.355349832150916E-15"/>
            <entry key="2" type="xdouble" value="5.378483032211778E-15"/>
        </config>
        <entry key="number_rows" type="xint" value="3"/>
        <config key="eigenvector">
            <config key="row_0">
                <entry key="array-size" type="xint" value="3"/>
                <entry key="0" type="xdouble" value="-0.47828395539888546"/>
                <entry key="1" type="xdouble" value="-0.5325979653089461"/>
                <entry key="2" type="xdouble" value="-0.6982720568351334"/>
            </config>
            <config key="row_1">
                <entry key="array-size" type="xint" value="3"/>
                <entry key="0" type="xdouble" value="-0.7478641017965342"/>
                <entry key="1" type="xdouble" value="0.6638253868061688"/>
                <entry key="2" type="xdouble" value="0.00592799086569872"/>
            </config>
            <config key="row_2">
                <entry key="array-size" type="xint" value="3"/>
                <entry key="0" type="xdouble" value="-0.46037348235108017"/>
                <entry key="1" type="xdouble" value="-0.5250478675134403"/>
                <entry key="2" type="xdouble" value="0.7158079306402861"/>
            </config>
        </config>
    </config>
</config>
