<?xml version="1.0" encoding="UTF-8"?>
<config xmlns="http://www.knime.org/2008/09/XMLConfig" xmlns:xsi="http://www.w3.org/2001/XMLSchema-instance" xsi:schemaLocation="http://www.knime.org/2008/09/XMLConfig http://www.knime.org/XMLConfig_2008_09.xsd" key="model.xml">
    <entry key="version" type="xint" value="1"/>
    <entry key="class_name" type="xstring" value="org.knime.base.data.normalize.NormalizerPortObject"/>
    <config key="model">
        <config key="columns">
            <config key="SeniorCitizen">
                <entry key="column_name" type="xstring" value="SeniorCitizen"/>
                <entry key="column_scale" type="xdouble" value="2.712882570110903"/>
                <entry key="column_translate" type="xdouble" value="-0.43988526126176997"/>
                <entry key="column_min" type="xdouble" value="NaN"/>
                <entry key="column_max" type="xdouble" value="NaN"/>
            </config>
            <config key="tenure">
                <entry key="column_name" type="xstring" value="tenure"/>
                <entry key="column_scale" type="xdouble" value="0.040717472778014026"/>
                <entry key="column_translate" type="xdouble" value="-1.3180713642850315"/>
                <entry key="column_min" type="xdouble" value="NaN"/>
                <entry key="column_max" type="xdouble" value="NaN"/>
            </config>
            <config key="MonthlyCharges">
                <entry key="column_name" type="xstring" value="MonthlyCharges"/>
                <entry key="column_scale" type="xdouble" value="0.03323358041793003"/>
                <entry key="column_translate" type="xdouble" value="-2.1522629143905703"/>
                <entry key="column_min" type="xdouble" value="NaN"/>
                <entry key="column_max" type="xdouble" value="NaN"/>
            </config>
            <config key="TotalCharges">
                <entry key="column_name" type="xstring" value="TotalCharges"/>
                <entry key="column_scale" type="xdouble" value="4.4150105350090907E-4"/>
                <entry key="column_translate" type="xdouble" value="-1.0080795500907735"/>
                <entry key="column_min" type="xdouble" value="NaN"/>
                <entry key="column_max" type="xdouble" value="NaN"/>
            </config>
        </config>
        <entry key="summary" type="xstring" value="Z-Score (Gaussian) normalization on 4 column(s)"/>
    </config>
</config>
