<?xml version="1.0" encoding="UTF-8"?>
<config xmlns="http://www.knime.org/2008/09/XMLConfig" xmlns:xsi="http://www.w3.org/2001/XMLSchema-instance" xsi:schemaLocation="http://www.knime.org/2008/09/XMLConfig http://www.knime.org/XMLConfig_2008_09.xsd" key="MiningSchema">
    <config key="learning">
        <entry key="array-size" type="xint" value="11"/>
        <entry key="0" type="xstring" value="gender"/>
        <entry key="1" type="xstring" value="Partner"/>
        <entry key="2" type="xstring" value="Dependents"/>
        <entry key="3" type="xstring" value="PhoneService"/>
        <entry key="4" type="xstring" value="InternetService"/>
        <entry key="5" type="xstring" value="Contract"/>
        <entry key="6" type="xstring" value="PaperlessBilling"/>
        <entry key="7" type="xstring" value="PaymentMethod"/>
        <entry key="8" type="xstring" value="Churn"/>
        <entry key="9" type="xstring" value="PCA dimension 0"/>
        <entry key="10" type="xstring" value="PCA dimension 1"/>
    </config>
    <config key="target">
        <entry key="array-size" type="xint" value="1"/>
        <entry key="0" type="xstring" value="PCA dimension 2"/>
    </config>
</config>
